Mind Meld: Secrets Behind the Voyage of a Lifetime,9.7,美国,科幻,https://movie.douban.com/subject/5131881/,https://img1.doubanio.com/view/photo/s_ratio_poster/public/p2511552687.jpg
瑞克与莫蒂之精致死尸,9.4,美国,科幻,https://movie.douban.com/subject/27101676/,https://img1.doubanio.com/view/photo/s_ratio_poster/public/p2494617459.jpg
怪诞小镇特别篇：松林之间,9.5,美国,科幻,https://movie.douban.com/subject/26744258/,https://img3.doubanio.com/view/photo/s_ratio_poster/public/p2324315416.jpg
旅行者号：冲出太阳系,9.5,美国,科幻,https://movie.douban.com/subject/23117105/,https://img3.doubanio.com/view/photo/s_ratio_poster/public/p1922704513.jpg
疑犯追踪 试播集,9.4,美国,科幻,https://movie.douban.com/subject/24700683/,https://img1.doubanio.com/view/photo/s_ratio_poster/public/p1974739828.jpg
历史频道 - 宇宙系列：大爆炸开始,9.4,美国,科幻,https://movie.douban.com/subject/4714475/,https://img3.doubanio.com/lpic/s4227350.jpg
盗梦空间,9.3,美国,科幻,https://movie.douban.com/subject/3541415/,https://img3.doubanio.com/view/photo/s_ratio_poster/public/p513344864.jpg
机器人总动员,9.3,美国,科幻,https://movie.douban.com/subject/2131459/,https://img3.doubanio.com/view/photo/s_ratio_poster/public/p449665982.jpg
旅行到宇宙边缘,9.3,美国,科幻,https://movie.douban.com/subject/3595323/,https://img3.doubanio.com/view/photo/s_ratio_poster/public/p1958040706.jpg
危险的日子：银翼杀手制作始末,9.3,美国,科幻,https://movie.douban.com/subject/3741153/,https://img1.doubanio.com/view/photo/s_ratio_poster/public/p2189124857.jpg
萤火虫10周年纪念,9.3,美国,科幻,https://movie.douban.com/subject/24882604/,https://img3.doubanio.com/view/photo/s_ratio_poster/public/p2161889323.jpg
守望先锋：荣耀,9.2,美国,科幻,https://movie.douban.com/subject/27191474/,https://img3.doubanio.com/view/photo/s_ratio_poster/public/p2507062050.jpg
守望先锋：双龙,9.3,美国,科幻,https://movie.douban.com/subject/26860017/,https://img3.doubanio.com/view/photo/s_ratio_poster/public/p2417863546.jpg
守望先锋：我们出发吧,9.1,美国,科幻,https://movie.douban.com/subject/27121211/,https://img3.doubanio.com/view/photo/s_ratio_poster/public/p2498314003.jpg
星际旅行：舰长峰会,9.2,美国,科幻,https://movie.douban.com/subject/6724026/,https://img1.doubanio.com/view/photo/s_ratio_poster/public/p2247382219.jpg
楚门的世界,9.1,美国,科幻,https://movie.douban.com/subject/1292064/,https://img3.doubanio.com/view/photo/s_ratio_poster/public/p479682972.jpg
星际穿越,9.1,美国,科幻,https://movie.douban.com/subject/1889243/,https://img3.doubanio.com/view/photo/s_ratio_poster/public/p2206088801.jpg
哈利・波特系列的50个精彩瞬间,9.1,美国,科幻,https://movie.douban.com/subject/6758119/,https://img1.doubanio.com/view/photo/s_ratio_poster/public/p2184324569.jpg
机器的复兴：第1部,9.1,美国,科幻,https://movie.douban.com/subject/2049553/,https://img3.doubanio.com/view/photo/s_ratio_poster/public/p2189949483.jpg
星际牛仔,9.6,日本,科幻,https://movie.douban.com/subject/26883616/,https://img3.doubanio.com/view/photo/s_ratio_poster/public/p2385967281.jpg
新世纪福音战士剧场版：Air/真心为你,9.4,日本,科幻,https://movie.douban.com/subject/1308892/,https://img1.doubanio.com/view/photo/s_ratio_poster/public/p2199653749.jpg
宇宙兄弟#0,9.3,日本,科幻,https://movie.douban.com/subject/25792658/,https://img3.doubanio.com/view/photo/s_ratio_poster/public/p2192962095.jpg
福音战士新剧场版：破,9.2,日本,科幻,https://movie.douban.com/subject/2567646/,https://img3.doubanio.com/view/photo/s_ratio_poster/public/p1026522114.jpg
新世纪福音战士剧场版：死与新生,9.2,日本,科幻,https://movie.douban.com/subject/1455442/,https://img3.doubanio.com/view/photo/s_ratio_poster/public/p2250120322.jpg
攻壳机动队SAC 2nd GIG：个别的十一人,9.2,日本,科幻,https://movie.douban.com/subject/2352020/,https://img3.doubanio.com/view/photo/s_ratio_poster/public/p2497028401.jpg
新世纪福音战士剧场版：复兴,9.2,日本,科幻,https://movie.douban.com/subject/20458867/,https://img3.doubanio.com/view/photo/s_ratio_poster/public/p2227584460.jpg
机动战士高达 THE ORIGIN III 破晓的起义,9.1,日本,科幻,https://movie.douban.com/subject/26359261/,https://img3.doubanio.com/view/photo/s_ratio_poster/public/p2325456546.jpg
银河英雄传说：我的征途是星辰大海,9.2,日本,科幻,https://movie.douban.com/subject/3542206/,https://img3.doubanio.com/view/photo/s_ratio_poster/public/p486657453.jpg
机动战士高达THE ORIGIN V 激战 鲁姆战役篇,9.2,日本,科幻,https://movie.douban.com/subject/26919026/,https://img1.doubanio.com/view/photo/s_ratio_poster/public/p2495283318.jpg
超时空游侠,9.2,日本,科幻,https://movie.douban.com/subject/3078572/,https://img1.doubanio.com/view/photo/s_ratio_poster/public/p1902970538.jpg
福音战士新剧场版：序,9.1,日本,科幻,https://movie.douban.com/subject/1968790/,https://img3.doubanio.com/view/photo/s_ratio_poster/public/p453715063.jpg
命运石之门：横行跋扈的浪荡之徒,9.1,日本,科幻,https://movie.douban.com/subject/10521690/,https://img3.doubanio.com/view/photo/s_ratio_poster/public/p1432532161.jpg
机器的复兴：第1部,9.1,日本,科幻,https://movie.douban.com/subject/2049553/,https://img3.doubanio.com/view/photo/s_ratio_poster/public/p2189949483.jpg
攻壳机动队SAC：笑面男,9.1,日本,科幻,https://movie.douban.com/subject/2078804/,https://img1.doubanio.com/view/photo/s_ratio_poster/public/p2207164758.jpg
机器的复兴：第2部,9.1,日本,科幻,https://movie.douban.com/subject/2049556/,https://img3.doubanio.com/view/photo/s_ratio_poster/public/p2189949652.jpg
天元突破剧场版：螺岩篇,9.1,日本,科幻,https://movie.douban.com/subject/3727748/,https://img3.doubanio.com/view/photo/s_ratio_poster/public/p937216094.jpg
银河英雄传说：新战争的序曲,9.1,日本,科幻,https://movie.douban.com/subject/3542229/,https://img1.doubanio.com/view/photo/s_ratio_poster/public/p2235783309.jpg
攻壳机动队2：无罪,9.0,日本,科幻,https://movie.douban.com/subject/1291566/,https://img1.doubanio.com/view/photo/s_ratio_poster/public/p453466108.jpg
凉宫春日的消失,9.0,日本,科幻,https://movie.douban.com/subject/4074292/,https://img3.doubanio.com/view/photo/s_ratio_poster/public/p2246432125.jpg
世界纪录,9.0,日本,科幻,https://movie.douban.com/subject/2049559/,https://img3.doubanio.com/view/photo/s_ratio_poster/public/p2189185870.jpg
机动战士高达：逆袭的夏亚,9.0,日本,科幻,https://movie.douban.com/subject/1401536/,https://img3.doubanio.com/view/photo/s_ratio_poster/public/p546980785.jpg
少女与战车 剧场版,9.0,日本,科幻,https://movie.douban.com/subject/24460604/,https://img1.doubanio.com/view/photo/s_ratio_poster/public/p2290872319.jpg
2112年 哆啦A梦诞生,9.0,日本,科幻,https://movie.douban.com/subject/3558793/,https://img1.doubanio.com/view/photo/s_ratio_poster/public/p2507589858.jpg
反叛的鲁路修特别篇：零之镇魂曲,9.0,日本,科幻,https://movie.douban.com/subject/6514089/,https://img1.doubanio.com/view/photo/s_ratio_poster/public/p2178971509.jpg
机动战士高达 THE ORIGIN IV 命运前夜,9.0,日本,科幻,https://movie.douban.com/subject/26359260/,https://img3.doubanio.com/view/photo/s_ratio_poster/public/p2409626594.jpg
飞跃巅峰！飞跃巅峰2！合体剧场版,9.0,日本,科幻,https://movie.douban.com/subject/5915807/,https://img1.doubanio.com/view/photo/s_ratio_poster/public/p2238703638.jpg
高智能方程式赛车 TV总集篇,9.0,日本,科幻,https://movie.douban.com/subject/4906417/,https://img3.doubanio.com/lpic/s4412555.jpg
新世纪福音战士 第0:0话 诞生之始,9.0,日本,科幻,https://movie.douban.com/subject/26306741/,https://img3.doubanio.com/view/photo/s_ratio_poster/public/p2222846543.jpg
宇宙快递,9.0,韩国,科幻,https://movie.douban.com/subject/25884822/,https://img3.doubanio.com/view/photo/s_ratio_poster/public/p2229847445.jpg
神秘博士：DT的视频日志：最后的日子,9.6,英国,科幻,https://movie.douban.com/subject/10508911/,https://img1.doubanio.com/view/photo/s_ratio_poster/public/p2317582899.jpg
神秘博士：2008逍遥音乐会,9.6,英国,科幻,https://movie.douban.com/subject/3712009/,https://img3.doubanio.com/view/photo/s_ratio_poster/public/p1349377394.jpg
凯特秀：喜剧插曲之神秘博士特别篇,9.6,英国,科幻,https://movie.douban.com/subject/25824839/,https://img3.doubanio.com/view/photo/s_ratio_poster/public/p2190387924.jpg
神秘博士：2006逍遥音乐会,9.6,英国,科幻,https://movie.douban.com/subject/5941689/,https://img3.doubanio.com/lpic/s4609003.jpg
时空冒险,9.5,英国,科幻,https://movie.douban.com/subject/24298647/,https://img3.doubanio.com/view/photo/s_ratio_poster/public/p2173858926.jpg
旅行者号：冲出太阳系,9.5,英国,科幻,https://movie.douban.com/subject/23117105/,https://img3.doubanio.com/view/photo/s_ratio_poster/public/p1922704513.jpg
五位(还嫌少)博士重启,9.4,英国,科幻,https://movie.douban.com/subject/25777719/,https://img1.doubanio.com/view/photo/s_ratio_poster/public/p2160377148.jpg
神秘博士：2010逍遥音乐会,9.4,英国,科幻,https://movie.douban.com/subject/5941690/,https://img3.doubanio.com/view/photo/s_ratio_poster/public/p2321153970.jpg
神秘博士：2013逍遥音乐会,9.5,英国,科幻,https://movie.douban.com/subject/25717159/,https://img3.doubanio.com/view/photo/s_ratio_poster/public/p2118848256.jpg
弗兰肯斯坦,9.4,英国,科幻,https://movie.douban.com/subject/10508921/,https://img3.doubanio.com/view/photo/s_ratio_poster/public/p2252273146.jpg
神秘博士2005慈善特辑：帮助儿童,9.4,英国,科幻,https://movie.douban.com/subject/10577674/,https://img3.doubanio.com/view/photo/s_ratio_poster/public/p1826505672.jpg
神秘博士：DT的视频日志,9.4,英国,科幻,https://movie.douban.com/subject/10553116/,https://img3.doubanio.com/view/photo/s_ratio_poster/public/p2172270020.jpg
神秘博士终极指南,9.4,英国,科幻,https://movie.douban.com/subject/25777630/,https://img1.doubanio.com/view/photo/s_ratio_poster/public/p2165084958.jpg
博士之日幕后揭秘,9.4,英国,科幻,https://movie.douban.com/subject/25810935/,https://img1.doubanio.com/view/photo/s_ratio_poster/public/p2186708457.jpg
盗梦空间,9.3,英国,科幻,https://movie.douban.com/subject/3541415/,https://img3.doubanio.com/view/photo/s_ratio_poster/public/p513344864.jpg
神秘博士特别篇：时间尽头(下),9.3,英国,科幻,https://movie.douban.com/subject/4215755/,https://img1.doubanio.com/view/photo/s_ratio_poster/public/p2151699747.jpg
神秘博士：天体音乐,9.2,英国,科幻,https://movie.douban.com/subject/5181578/,https://img3.doubanio.com/lpic/s6958586.jpg
神秘博士背后的科学,9.3,英国,科幻,https://movie.douban.com/subject/25773398/,https://img3.doubanio.com/view/photo/s_ratio_poster/public/p2159548712.jpg
神秘博士：再见，马特・史密斯,9.4,英国,科幻,https://movie.douban.com/subject/25966287/,https://img3.doubanio.com/view/photo/s_ratio_poster/public/p2206715301.jpg
神秘博士特别篇：时间尽头(上),9.2,英国,科幻,https://movie.douban.com/subject/4215662/,https://img3.doubanio.com/view/photo/s_ratio_poster/public/p2508913152.jpg
神秘博士：时间冲撞,9.2,英国,科幻,https://movie.douban.com/subject/4188543/,https://img3.doubanio.com/view/photo/s_ratio_poster/public/p523688466.jpg
人体奥妙之细胞的暗战,9.2,英国,科幻,https://movie.douban.com/subject/20515275/,https://img3.doubanio.com/view/photo/s_ratio_poster/public/p1843111780.jpg
2007红鼻子日慈善专场大表演,9.2,英国,科幻,https://movie.douban.com/subject/2124854/,https://img3.doubanio.com/view/photo/s_ratio_poster/public/p2185869236.jpg
最棒的同伴,9.2,英国,科幻,https://movie.douban.com/subject/20399058/,https://img1.doubanio.com/lpic/s24439949.jpg
星际穿越,9.1,英国,科幻,https://movie.douban.com/subject/1889243/,https://img3.doubanio.com/view/photo/s_ratio_poster/public/p2206088801.jpg
黑镜：圣诞特别篇,9.1,英国,科幻,https://movie.douban.com/subject/25964630/,https://img3.doubanio.com/view/photo/s_ratio_poster/public/p2233676442.jpg
哈利・波特系列的50个精彩瞬间,9.1,英国,科幻,https://movie.douban.com/subject/6758119/,https://img1.doubanio.com/view/photo/s_ratio_poster/public/p2184324569.jpg
哈勃的15年科学探索,9.1,英国,科幻,https://movie.douban.com/subject/3149040/,https://img3.doubanio.com/view/photo/s_ratio_poster/public/p1846835634.jpg
博士的女伴,9.2,英国,科幻,https://movie.douban.com/subject/11625156/,https://img3.doubanio.com/view/photo/s_ratio_poster/public/p1876814414.jpg
Pond一家最后的日子,9.1,英国,科幻,https://movie.douban.com/subject/25779232/,https://img3.doubanio.com/view/photo/s_ratio_poster/public/p2211974901.jpg
神秘博士圣诞时刻,9.1,英国,科幻,https://movie.douban.com/subject/21354158/,https://img3.doubanio.com/lpic/s24976003.jpg
虎王归来,9.1,英国,科幻,https://movie.douban.com/subject/24849943/,https://img3.doubanio.com/view/photo/s_ratio_poster/public/p2029447346.jpg
蝙蝠侠：黑暗骑士,9.0,英国,科幻,https://movie.douban.com/subject/1851857/,https://img3.doubanio.com/view/photo/s_ratio_poster/public/p462657443.jpg
神秘博士：火星之水,9.0,英国,科幻,https://movie.douban.com/subject/4144683/,https://img3.doubanio.com/view/photo/s_ratio_poster/public/p2151616662.jpg
双X：这个游戏的名称,9.0,英国,科幻,https://movie.douban.com/subject/1294819/,https://img3.doubanio.com/lpic/s3932346.jpg
彩虹,9.0,英国,科幻,https://movie.douban.com/subject/1971485/,https://img3.doubanio.com/view/photo/s_ratio_poster/public/p503390374.jpg
神秘博士：信息场,9.0,英国,科幻,https://movie.douban.com/subject/25824941/,https://img3.doubanio.com/view/photo/s_ratio_poster/public/p2169394973.jpg
神秘博士：2017圣诞特别篇,8.1,英国,科幻,https://movie.douban.com/subject/27064700/,https://img1.doubanio.com/view/photo/s_ratio_poster/public/p2508153147.jpg
最棒的怪物,9.0,英国,科幻,https://movie.douban.com/subject/20393812/,https://img1.doubanio.com/lpic/s24428449.jpg
穿越扬提尔森的音乐秘密,9.4,法国,科幻,https://movie.douban.com/subject/6038293/,https://img3.doubanio.com/view/photo/s_ratio_poster/public/p2398172331.jpg
虚幻勇士,9.1,法国,科幻,https://movie.douban.com/subject/3667535/,https://img3.doubanio.com/lpic/s3724393.jpg
哈勃的15年科学探索,9.1,德国,科幻,https://movie.douban.com/subject/3149040/,https://img3.doubanio.com/view/photo/s_ratio_poster/public/p1846835634.jpg
星际穿越,9.1,加拿大,科幻,https://movie.douban.com/subject/1889243/,https://img3.doubanio.com/view/photo/s_ratio_poster/public/p2206088801.jpg
彩虹,9.0,加拿大,科幻,https://movie.douban.com/subject/1971485/,https://img3.doubanio.com/view/photo/s_ratio_poster/public/p503390374.jpg
岁城璃心-鬼蜮咒原,9.0,大陆,动作,https://movie.douban.com/subject/26298852/,https://img3.doubanio.com/view/photo/s_ratio_poster/public/p2243669803.jpg
魔法门之英雄无敌3：死亡阴影,9.4,美国,动作,https://movie.douban.com/subject/4935231/,https://img3.doubanio.com/lpic/s4432480.jpg
疑犯追踪 试播集,9.4,美国,动作,https://movie.douban.com/subject/24700683/,https://img1.doubanio.com/view/photo/s_ratio_poster/public/p1974739828.jpg
盗梦空间,9.3,美国,动作,https://movie.douban.com/subject/3541415/,https://img3.doubanio.com/view/photo/s_ratio_poster/public/p513344864.jpg
UFC一百场最伟大的比赛,9.3,美国,动作,https://movie.douban.com/subject/4169014/,https://img1.doubanio.com/lpic/s4077247.jpg
黑或白,9.3,美国,动作,https://movie.douban.com/subject/3266982/,https://img3.doubanio.com/view/photo/s_ratio_poster/public/p2502492576.jpg
守望先锋：荣耀,9.2,美国,动作,https://movie.douban.com/subject/27191474/,https://img3.doubanio.com/view/photo/s_ratio_poster/public/p2507062050.jpg
疯狂动物城,9.2,美国,动作,https://movie.douban.com/subject/25662329/,https://img1.doubanio.com/view/photo/s_ratio_poster/public/p2315672647.jpg
教父,9.2,美国,动作,https://movie.douban.com/subject/1291841/,https://img3.doubanio.com/view/photo/s_ratio_poster/public/p2190556185.jpg
守望先锋：双龙,9.3,美国,动作,https://movie.douban.com/subject/26860017/,https://img3.doubanio.com/view/photo/s_ratio_poster/public/p2417863546.jpg
王的哲♂学摔跤,9.2,美国,动作,https://movie.douban.com/subject/2245557/,https://img3.doubanio.com/view/photo/s_ratio_poster/public/p2180258143.jpg
天旋地转,9.2,美国,动作,https://movie.douban.com/subject/5150857/,https://img1.doubanio.com/view/photo/s_ratio_poster/public/p1656099587.jpg
指环王3：王者无敌,9.1,美国,动作,https://movie.douban.com/subject/1291552/,https://img3.doubanio.com/view/photo/s_ratio_poster/public/p1910825503.jpg
两杆大烟枪,9.1,美国,动作,https://movie.douban.com/subject/1293350/,https://img1.doubanio.com/view/photo/s_ratio_poster/public/p792443418.jpg
教父2,9.1,美国,动作,https://movie.douban.com/subject/1299131/,https://img1.doubanio.com/view/photo/s_ratio_poster/public/p2194138787.jpg
黄金三镖客,9.1,美国,动作,https://movie.douban.com/subject/1401118/,https://img1.doubanio.com/view/photo/s_ratio_poster/public/p2101693489.jpg
攀登梅鲁峰,9.1,美国,动作,https://movie.douban.com/subject/26276373/,https://img3.doubanio.com/view/photo/s_ratio_poster/public/p2286660380.jpg
德鲁大叔,9.2,美国,动作,https://movie.douban.com/subject/26665408/,https://img3.doubanio.com/view/photo/s_ratio_poster/public/p2401288743.jpg
梦之帝国：星球大战三部曲的故事,9.1,美国,动作,https://movie.douban.com/subject/3429411/,https://img1.doubanio.com/view/photo/s_ratio_poster/public/p2510214607.jpg
蝙蝠侠：黑暗骑士,9.0,美国,动作,https://movie.douban.com/subject/1851857/,https://img3.doubanio.com/view/photo/s_ratio_poster/public/p462657443.jpg
指环王2：双塔奇兵,9.0,美国,动作,https://movie.douban.com/subject/1291572/,https://img3.doubanio.com/view/photo/s_ratio_poster/public/p909265336.jpg
将军号,9.0,美国,动作,https://movie.douban.com/subject/1292778/,https://img3.doubanio.com/view/photo/s_ratio_poster/public/p2248676081.jpg
稻草人,9.0,美国,动作,https://movie.douban.com/subject/1867778/,https://img1.doubanio.com/view/photo/s_ratio_poster/public/p2503556327.jpg
李小龙：勇士的旅程,9.0,美国,动作,https://movie.douban.com/subject/1305710/,https://img3.doubanio.com/view/photo/s_ratio_poster/public/p2267330935.jpg
双X：这个游戏的名称,9.0,美国,动作,https://movie.douban.com/subject/1294819/,https://img3.doubanio.com/lpic/s3932346.jpg
大话西游之大圣娶亲,9.2,香港,动作,https://movie.douban.com/subject/1292213/,https://img3.doubanio.com/view/photo/s_ratio_poster/public/p2455050536.jpg
无间道,9.0,香港,动作,https://movie.douban.com/subject/1307914/,https://img3.doubanio.com/view/photo/s_ratio_poster/public/p2233971046.jpg
上海滩,9.0,香港,动作,https://movie.douban.com/subject/6311260/,https://img3.doubanio.com/view/photo/s_ratio_poster/public/p2344833803.jpg
李小龙：勇士的旅程,9.0,香港,动作,https://movie.douban.com/subject/1305710/,https://img3.doubanio.com/view/photo/s_ratio_poster/public/p2267330935.jpg
新世纪福音战士剧场版：Air/真心为你,9.4,日本,动作,https://movie.douban.com/subject/1308892/,https://img1.doubanio.com/view/photo/s_ratio_poster/public/p2199653749.jpg
银魂完结篇：直到永远的万事屋,9.3,日本,动作,https://movie.douban.com/subject/11615927/,https://img3.doubanio.com/view/photo/s_ratio_poster/public/p2258024316.jpg
七武士,9.2,日本,动作,https://movie.douban.com/subject/1295399/,https://img3.doubanio.com/view/photo/s_ratio_poster/public/p647099823.jpg
福音战士新剧场版：破,9.2,日本,动作,https://movie.douban.com/subject/2567646/,https://img3.doubanio.com/view/photo/s_ratio_poster/public/p1026522114.jpg
新世纪福音战士剧场版：死与新生,9.2,日本,动作,https://movie.douban.com/subject/1455442/,https://img3.doubanio.com/view/photo/s_ratio_poster/public/p2250120322.jpg
切腹,9.2,日本,动作,https://movie.douban.com/subject/1304920/,https://img3.doubanio.com/view/photo/s_ratio_poster/public/p2151748293.jpg
攻壳机动队SAC 2nd GIG：个别的十一人,9.2,日本,动作,https://movie.douban.com/subject/2352020/,https://img3.doubanio.com/view/photo/s_ratio_poster/public/p2497028401.jpg
新世纪福音战士剧场版：复兴,9.2,日本,动作,https://movie.douban.com/subject/20458867/,https://img3.doubanio.com/view/photo/s_ratio_poster/public/p2227584460.jpg
福音战士新剧场版：序,9.1,日本,动作,https://movie.douban.com/subject/1968790/,https://img3.doubanio.com/view/photo/s_ratio_poster/public/p453715063.jpg
银魂剧场版：新译红樱篇,9.1,日本,动作,https://movie.douban.com/subject/4122194/,https://img3.doubanio.com/view/photo/s_ratio_poster/public/p612363092.jpg
攻壳机动队SAC：笑面男,9.1,日本,动作,https://movie.douban.com/subject/2078804/,https://img1.doubanio.com/view/photo/s_ratio_poster/public/p2207164758.jpg
天元突破剧场版：螺岩篇,9.1,日本,动作,https://movie.douban.com/subject/3727748/,https://img3.doubanio.com/view/photo/s_ratio_poster/public/p937216094.jpg
攻壳机动队2：无罪,9.0,日本,动作,https://movie.douban.com/subject/1291566/,https://img1.doubanio.com/view/photo/s_ratio_poster/public/p453466108.jpg
空之境界 第七章 杀人考察（后）,9.0,日本,动作,https://movie.douban.com/subject/3399553/,https://img3.doubanio.com/view/photo/s_ratio_poster/public/p2202703811.jpg
机动战士高达：逆袭的夏亚,9.0,日本,动作,https://movie.douban.com/subject/1401536/,https://img3.doubanio.com/view/photo/s_ratio_poster/public/p546980785.jpg
数码宝贝：滚球兽的诞生,9.0,日本,动作,https://movie.douban.com/subject/1303927/,https://img3.doubanio.com/view/photo/s_ratio_poster/public/p2282582530.jpg
少女与战车 剧场版,9.0,日本,动作,https://movie.douban.com/subject/24460604/,https://img1.doubanio.com/view/photo/s_ratio_poster/public/p2290872319.jpg
海贼王梅利篇：另一名同伴的故事,9.0,日本,动作,https://movie.douban.com/subject/25711544/,https://img3.doubanio.com/view/photo/s_ratio_poster/public/p2107245311.jpg
盗梦空间,9.3,英国,动作,https://movie.douban.com/subject/3541415/,https://img3.doubanio.com/view/photo/s_ratio_poster/public/p513344864.jpg
神秘博士：时间冲撞,9.2,英国,动作,https://movie.douban.com/subject/4188543/,https://img3.doubanio.com/view/photo/s_ratio_poster/public/p523688466.jpg
两杆大烟枪,9.1,英国,动作,https://movie.douban.com/subject/1293350/,https://img1.doubanio.com/view/photo/s_ratio_poster/public/p792443418.jpg
蝙蝠侠：黑暗骑士,9.0,英国,动作,https://movie.douban.com/subject/1851857/,https://img3.doubanio.com/view/photo/s_ratio_poster/public/p462657443.jpg
李小龙：勇士的旅程,9.0,英国,动作,https://movie.douban.com/subject/1305710/,https://img3.doubanio.com/view/photo/s_ratio_poster/public/p2267330935.jpg
双X：这个游戏的名称,9.0,英国,动作,https://movie.douban.com/subject/1294819/,https://img3.doubanio.com/lpic/s3932346.jpg
怒海英雄：公爵夫人与恶魔,9.0,英国,动作,https://movie.douban.com/subject/1889695/,https://img3.doubanio.com/view/photo/s_ratio_poster/public/p2278607774.jpg
这个杀手不太冷,9.4,法国,动作,https://movie.douban.com/subject/1295644/,https://img3.doubanio.com/view/photo/s_ratio_poster/public/p511118051.jpg
98世界杯之旅,9.1,法国,动作,https://movie.douban.com/subject/1998756/,https://img1.doubanio.com/lpic/s2159708.jpg
从海底出击,9.0,德国,动作,https://movie.douban.com/subject/1293909/,https://img3.doubanio.com/view/photo/s_ratio_poster/public/p2088879323.jpg
黄金三镖客,9.1,意大利,动作,https://movie.douban.com/subject/1401118/,https://img1.doubanio.com/view/photo/s_ratio_poster/public/p2101693489.jpg
黄金三镖客,9.1,西班牙,动作,https://movie.douban.com/subject/1401118/,https://img1.doubanio.com/view/photo/s_ratio_poster/public/p2101693489.jpg
攀登梅鲁峰,9.1,印度,动作,https://movie.douban.com/subject/26276373/,https://img3.doubanio.com/view/photo/s_ratio_poster/public/p2286660380.jpg
肖申克的救赎,9.6,美国,悬疑,https://movie.douban.com/subject/1292052/,https://img3.doubanio.com/view/photo/s_ratio_poster/public/p480747492.jpg
控方证人,9.6,美国,悬疑,https://movie.douban.com/subject/1296141/,https://img1.doubanio.com/view/photo/s_ratio_poster/public/p1505392928.jpg
怪诞小镇特别篇：松林之间,9.5,美国,悬疑,https://movie.douban.com/subject/26744258/,https://img3.doubanio.com/view/photo/s_ratio_poster/public/p2324315416.jpg
十二怒汉,9.4,美国,悬疑,https://movie.douban.com/subject/1293182/,https://img3.doubanio.com/view/photo/s_ratio_poster/public/p2173577632.jpg
十二怒汉,9.4,美国,悬疑,https://movie.douban.com/subject/10583098/,https://img3.doubanio.com/view/photo/s_ratio_poster/public/p2153875961.jpg
控方证人,9.4,美国,悬疑,https://movie.douban.com/subject/5294851/,https://img3.doubanio.com/view/photo/s_ratio_poster/public/p2367853261.jpg
疑犯追踪 试播集,9.4,美国,悬疑,https://movie.douban.com/subject/24700683/,https://img1.doubanio.com/view/photo/s_ratio_poster/public/p1974739828.jpg
盗梦空间,9.3,美国,悬疑,https://movie.douban.com/subject/3541415/,https://img3.doubanio.com/view/photo/s_ratio_poster/public/p513344864.jpg
星际穿越,9.1,美国,悬疑,https://movie.douban.com/subject/1889243/,https://img3.doubanio.com/view/photo/s_ratio_poster/public/p2206088801.jpg
两杆大烟枪,9.1,美国,悬疑,https://movie.douban.com/subject/1293350/,https://img1.doubanio.com/view/photo/s_ratio_poster/public/p792443418.jpg
小丘月圆,9.1,美国,悬疑,https://movie.douban.com/subject/1302752/,https://img3.doubanio.com/view/photo/s_ratio_poster/public/p2334104591.jpg
"""The X Files""  Season 2, Episode 25: Anasazi",9.0,美国,悬疑,https://movie.douban.com/subject/2997258/,https://img3.doubanio.com/lpic/s4709641.jpg
蝙蝠侠：黑暗骑士,9.0,美国,悬疑,https://movie.douban.com/subject/1851857/,https://img3.doubanio.com/view/photo/s_ratio_poster/public/p462657443.jpg
"""The X Files"" Season 2, Episode 5: Duane Barry",9.0,美国,悬疑,https://movie.douban.com/subject/2997236/,https://img3.doubanio.com/lpic/s2977060.jpg
新推理探案3,9.0,美国,悬疑,https://movie.douban.com/subject/2150270/,https://img1.doubanio.com/lpic/s25452929.jpg
夺命夏娃,9.0,美国,悬疑,https://movie.douban.com/subject/2045891/,https://img3.doubanio.com/view/photo/s_ratio_poster/public/p1257593265.jpg
无间道,9.0,香港,悬疑,https://movie.douban.com/subject/1307914/,https://img3.doubanio.com/view/photo/s_ratio_poster/public/p2233971046.jpg
空之境界 第五章 矛盾螺旋,9.3,日本,悬疑,https://movie.douban.com/subject/3187790/,https://img3.doubanio.com/view/photo/s_ratio_poster/public/p2194403556.jpg
新世纪福音战士剧场版：死与新生,9.2,日本,悬疑,https://movie.douban.com/subject/1455442/,https://img3.doubanio.com/view/photo/s_ratio_poster/public/p2250120322.jpg
命运石之门：横行跋扈的浪荡之徒,9.1,日本,悬疑,https://movie.douban.com/subject/10521690/,https://img3.doubanio.com/view/photo/s_ratio_poster/public/p1432532161.jpg
空之境界 未来福音,9.1,日本,悬疑,https://movie.douban.com/subject/11499092/,https://img1.doubanio.com/view/photo/s_ratio_poster/public/p2037135869.jpg
攻壳机动队SAC：笑面男,9.1,日本,悬疑,https://movie.douban.com/subject/2078804/,https://img1.doubanio.com/view/photo/s_ratio_poster/public/p2207164758.jpg
空之境界 第七章 杀人考察（后）,9.0,日本,悬疑,https://movie.douban.com/subject/3399553/,https://img3.doubanio.com/view/photo/s_ratio_poster/public/p2202703811.jpg
古x任三郎完结篇 重生之死,9.0,日本,悬疑,https://movie.douban.com/subject/10558405/,https://img1.doubanio.com/view/photo/s_ratio_poster/public/p2155138409.jpg
古x任三郎 最后之舞,9.0,日本,悬疑,https://movie.douban.com/subject/10558406/,https://img3.doubanio.com/view/photo/s_ratio_poster/public/p2155138955.jpg
控方证人,9.4,英国,悬疑,https://movie.douban.com/subject/5294851/,https://img3.doubanio.com/view/photo/s_ratio_poster/public/p2367853261.jpg
临终的侦探,9.4,英国,悬疑,https://movie.douban.com/subject/3676944/,https://img1.doubanio.com/view/photo/s_ratio_poster/public/p2174094938.jpg
盗梦空间,9.3,英国,悬疑,https://movie.douban.com/subject/3541415/,https://img3.doubanio.com/view/photo/s_ratio_poster/public/p513344864.jpg
斑点带子案,9.2,英国,悬疑,https://movie.douban.com/subject/3231171/,https://img3.doubanio.com/view/photo/s_ratio_poster/public/p1779190432.jpg
最后一案,9.2,英国,悬疑,https://movie.douban.com/subject/3603187/,https://img3.doubanio.com/view/photo/s_ratio_poster/public/p2511441944.jpg
红发会,9.2,英国,悬疑,https://movie.douban.com/subject/3603181/,https://img3.doubanio.com/view/photo/s_ratio_poster/public/p2511442242.jpg
诺伍德的建筑师,9.2,英国,悬疑,https://movie.douban.com/subject/3603169/,https://img3.doubanio.com/view/photo/s_ratio_poster/public/p2511442211.jpg
住院的病人,9.2,英国,悬疑,https://movie.douban.com/subject/3603173/,https://img3.doubanio.com/view/photo/s_ratio_poster/public/p2511442284.jpg
空屋,9.2,英国,悬疑,https://movie.douban.com/subject/3603208/,https://img3.doubanio.com/view/photo/s_ratio_poster/public/p2511442621.jpg
马斯格雷夫典礼,9.2,英国,悬疑,https://movie.douban.com/subject/3607017/,https://img1.doubanio.com/view/photo/s_ratio_poster/public/p2496521879.jpg
帷幕：波洛的最后一案,9.2,英国,悬疑,https://movie.douban.com/subject/25892252/,https://img1.doubanio.com/view/photo/s_ratio_poster/public/p2184353409.jpg
布鲁斯―帕廷顿计划,9.2,英国,悬疑,https://movie.douban.com/subject/3607057/,https://img3.doubanio.com/view/photo/s_ratio_poster/public/p2511443640.jpg
爬行人,9.2,英国,悬疑,https://movie.douban.com/subject/3676858/,https://img1.doubanio.com/view/photo/s_ratio_poster/public/p2169026908.jpg
显贵的主顾,9.2,英国,悬疑,https://movie.douban.com/subject/3676849/,https://img3.doubanio.com/view/photo/s_ratio_poster/public/p2173647630.jpg
王冠宝石案,9.2,英国,悬疑,https://movie.douban.com/subject/3712239/,https://img3.doubanio.com/view/photo/s_ratio_poster/public/p2174237205.jpg
星际穿越,9.1,英国,悬疑,https://movie.douban.com/subject/1889243/,https://img3.doubanio.com/view/photo/s_ratio_poster/public/p2206088801.jpg
两杆大烟枪,9.1,英国,悬疑,https://movie.douban.com/subject/1293350/,https://img1.doubanio.com/view/photo/s_ratio_poster/public/p792443418.jpg
黑镜：圣诞特别篇,9.1,英国,悬疑,https://movie.douban.com/subject/25964630/,https://img3.doubanio.com/view/photo/s_ratio_poster/public/p2233676442.jpg
福尔摩斯：跳舞的人,9.1,英国,悬疑,https://movie.douban.com/subject/3230514/,https://img3.doubanio.com/view/photo/s_ratio_poster/public/p2511441892.jpg
第二块血迹,9.1,英国,悬疑,https://movie.douban.com/subject/3607018/,https://img3.doubanio.com/view/photo/s_ratio_poster/public/p2511443522.jpg
六座拿破仑半身像,9.1,英国,悬疑,https://movie.douban.com/subject/3607036/,https://img3.doubanio.com/view/photo/s_ratio_poster/public/p2511444146.jpg
歪唇男人,9.1,英国,悬疑,https://movie.douban.com/subject/3607022/,https://img3.doubanio.com/view/photo/s_ratio_poster/public/p2511443473.jpg
魔鬼之足,9.1,英国,悬疑,https://movie.douban.com/subject/3607038/,https://img3.doubanio.com/view/photo/s_ratio_poster/public/p2511443805.jpg
银色马,9.1,英国,悬疑,https://movie.douban.com/subject/3607042/,https://img1.doubanio.com/view/photo/s_ratio_poster/public/p2511443948.jpg
博斯科姆比溪谷秘案,9.0,英国,悬疑,https://movie.douban.com/subject/3630749/,https://img1.doubanio.com/view/photo/s_ratio_poster/public/p2403655957.jpg
弗朗西丝・卡法克斯女士的失踪,9.1,英国,悬疑,https://movie.douban.com/subject/3610756/,https://img3.doubanio.com/view/photo/s_ratio_poster/public/p2509534726.jpg
三角墙山庄,9.1,英国,悬疑,https://movie.douban.com/subject/3676930/,https://img3.doubanio.com/view/photo/s_ratio_poster/public/p1565210881.jpg
硬纸盒子,9.1,英国,悬疑,https://movie.douban.com/subject/3712242/,https://img3.doubanio.com/view/photo/s_ratio_poster/public/p2509534531.jpg
歌唱神探,9.1,英国,悬疑,https://movie.douban.com/subject/1499667/,https://img3.doubanio.com/lpic/s4178164.jpg
蝙蝠侠：黑暗骑士,9.0,英国,悬疑,https://movie.douban.com/subject/1851857/,https://img3.doubanio.com/view/photo/s_ratio_poster/public/p462657443.jpg
神探夏洛克：福至如归,9.0,英国,悬疑,https://movie.douban.com/subject/25798411/,https://img3.doubanio.com/view/photo/s_ratio_poster/public/p2412522760.jpg
四签名,9.0,英国,悬疑,https://movie.douban.com/subject/3130431/,https://img1.doubanio.com/view/photo/s_ratio_poster/public/p2511444258.jpg
格兰其庄园,9.0,英国,悬疑,https://movie.douban.com/subject/3603220/,https://img3.doubanio.com/view/photo/s_ratio_poster/public/p2511442463.jpg
雷神桥之谜,9.0,英国,悬疑,https://movie.douban.com/subject/3610794/,https://img3.doubanio.com/view/photo/s_ratio_poster/public/p903077754.jpg
威斯特里亚寓所,8.9,英国,悬疑,https://movie.douban.com/subject/3607054/,https://img3.doubanio.com/view/photo/s_ratio_poster/public/p2511443556.jpg
反叛的童谣,9.0,英国,悬疑,https://movie.douban.com/subject/27073245/,https://img3.doubanio.com/view/photo/s_ratio_poster/public/p2507016491.jpg
神秘博士：2017圣诞特别篇,8.1,英国,悬疑,https://movie.douban.com/subject/27064700/,https://img1.doubanio.com/view/photo/s_ratio_poster/public/p2508153147.jpg
魔咒,9.0,英国,悬疑,https://movie.douban.com/subject/25760463/,https://img1.doubanio.com/view/photo/s_ratio_poster/public/p2159761578.jpg
调音师,9.2,法国,悬疑,https://movie.douban.com/subject/6846495/,https://img1.doubanio.com/view/photo/s_ratio_poster/public/p1529066859.jpg
洞,9.2,法国,悬疑,https://movie.douban.com/subject/1424334/,https://img3.doubanio.com/view/photo/s_ratio_poster/public/p1184780820.jpg
精神分裂症,9.0,法国,悬疑,https://movie.douban.com/subject/3262918/,https://img3.doubanio.com/view/photo/s_ratio_poster/public/p857148064.jpg
窃听风暴,9.1,德国,悬疑,https://movie.douban.com/subject/1900841/,https://img1.doubanio.com/view/photo/s_ratio_poster/public/p1808872109.jpg
洞,9.2,意大利,悬疑,https://movie.douban.com/subject/1424334/,https://img3.doubanio.com/view/photo/s_ratio_poster/public/p1184780820.jpg
星际穿越,9.1,加拿大,悬疑,https://movie.douban.com/subject/1889243/,https://img3.doubanio.com/view/photo/s_ratio_poster/public/p2206088801.jpg
小丘月圆,9.1,加拿大,悬疑,https://movie.douban.com/subject/1302752/,https://img3.doubanio.com/view/photo/s_ratio_poster/public/p2334104591.jpg
负重前行,9.1,澳大利亚,悬疑,https://movie.douban.com/subject/26793157/,https://img1.doubanio.com/view/photo/s_ratio_poster/public/p2495304867.jpg
狩猎,9.0,瑞典,悬疑,https://movie.douban.com/subject/6985810/,https://img1.doubanio.com/view/photo/s_ratio_poster/public/p1546987967.jpg
狩猎,9.0,丹麦,悬疑,https://movie.douban.com/subject/6985810/,https://img1.doubanio.com/view/photo/s_ratio_poster/public/p1546987967.jpg
